{
  "v3 raw multimodal": {
    "qwk_point": 0.0,
    "qwk_ci": [
      0.0,
      0.0
    ],
    "spear_point": 0.2141148508583638,
    "spear_ci": [
      0.12304148197792712,
      0.30158090455236275
    ],
    "auroc_F": [
      0.5692183529836234,
      0.508919672592016,
      0.6302104600640447
    ],
    "auroc_I": [
      0.5681757535993027,
      0.5127077420761861,
      0.6228425004591932
    ],
    "auroc_A": [
      0.6728697837257199,
      0.605352355385126,
      0.7384825079748496
    ]
  },
  "v4 combat multimodal": {
    "qwk_point": 0.01855345342626946,
    "qwk_ci": [
      -0.0015684628156393922,
      0.041729006033223076
    ],
    "spear_point": 0.06929711747671095,
    "spear_ci": [
      -0.019652695923454977,
      0.15961104766360285
    ],
    "auroc_F": [
      0.5174307844094927,
      0.4537779187882519,
      0.5797085868766242
    ],
    "auroc_I": [
      0.5293948550368932,
      0.4765789388301551,
      0.5820299211745267
    ],
    "auroc_A": [
      0.5618866492004785,
      0.4987448910081744,
      0.6259211952236954
    ]
  },
  "v5 DANN \u03bb=0.05": {
    "qwk_point": 0.24308539205155755,
    "qwk_ci": [
      0.15606990789206468,
      0.32725523627328806
    ],
    "spear_point": 0.2767686262292631,
    "spear_ci": [
      0.18489311201546343,
      0.3663010184526622
    ],
    "auroc_F": [
      0.6881548473083351,
      0.6240313183578289,
      0.750979130655683
    ],
    "auroc_I": [
      0.5229358908761271,
      0.46758514551917246,
      0.5764673581822803
    ],
    "auroc_A": [
      0.6231118946687273,
      0.561304784434232,
      0.6851155245062865
    ]
  },
  "v5 DANN \u03bb=0.1": {
    "qwk_point": 0.28421273282625625,
    "qwk_ci": [
      0.2034585800150388,
      0.363562241127859
    ],
    "spear_point": 0.3719129533873434,
    "spear_ci": [
      0.289684731064318,
      0.4510938304807442
    ],
    "auroc_F": [
      0.7207908597076575,
      0.6625505401866338,
      0.7762695598774371
    ],
    "auroc_I": [
      0.5925316493372957,
      0.5382715696538184,
      0.645172348622117
    ],
    "auroc_A": [
      0.6975721439032925,
      0.6357270002874315,
      0.7568951521410937
    ]
  },
  "v5 DANN \u03bb=0.2": {
    "qwk_point": 0.26373824204509666,
    "qwk_ci": [
      0.1886401963162579,
      0.3373622441396262
    ],
    "spear_point": 0.37066477357649896,
    "spear_ci": [
      0.28886538991446403,
      0.449312572727149
    ],
    "auroc_F": [
      0.72211041061284,
      0.6657748688532269,
      0.7752084200336656
    ],
    "auroc_I": [
      0.5342915517186752,
      0.4792848513938796,
      0.5885019912564379
    ],
    "auroc_A": [
      0.6955883095365638,
      0.6324421077307654,
      0.7553461675566084
    ]
  },
  "v5 DANN \u03bb=0.5": {
    "qwk_point": 0.2000200806573068,
    "qwk_ci": [
      0.11720438624191702,
      0.2804262168888172
    ],
    "spear_point": 0.23400091694317002,
    "spear_ci": [
      0.14770029670365317,
      0.31790753362981894
    ],
    "auroc_F": [
      0.632202891245948,
      0.5728861043507879,
      0.6904669544713111
    ],
    "auroc_I": [
      0.5096115383681898,
      0.45580911580549865,
      0.5649939297467151
    ],
    "auroc_A": [
      0.6316101301549332,
      0.5666322186639364,
      0.6956237095290789
    ]
  },
  "v5 DANN \u03bb=1.0": {
    "qwk_point": 0.028261572162171733,
    "qwk_ci": [
      0.007749314912985203,
      0.05150332977920121
    ],
    "spear_point": 0.10613822924629226,
    "spear_ci": [
      0.01447506216432718,
      0.19852642501416706
    ],
    "auroc_F": [
      0.5207812540389277,
      0.4537597047199288,
      0.5891693455455557
    ],
    "auroc_I": [
      0.5535605617747902,
      0.49963103370209283,
      0.6076294661225881
    ],
    "auroc_A": [
      0.6012580300656788,
      0.5387738308305687,
      0.6629730917723392
    ]
  }
}