{
  "n_val": 72,
  "hemefm_drug_spearman_mean": 0.10641448971723744,
  "n_drugs": 50,
  "hemefm_drug_pearson_mean": 0.0973858586954424,
  "global_spearman": 0.6104198968852231,
  "global_pearson": 0.6060153012387794
}