{
  "n_train": 347,
  "n_external": 451,
  "target_norm_n": 537,
  "pca_raw": [
    0.23450828907130228,
    [
      100,
      7,
      31
    ]
  ],
  "pca_zscore": [
    0.46199169790029426,
    [
      86,
      29,
      73
    ]
  ],
  "pca_coral": [
    0.4055824036854704,
    [
      84,
      30,
      62
    ]
  ],
  "paired_nonparam_bootstrap_347_537norm": {
    "n": 451,
    "PCA_QWK": 0.462,
    "PCA_CI": [
      0.3874,
      0.5338
    ],
    "DANN_QWK": 0.2842,
    "DANN_CI": [
      0.2029,
      0.3602
    ],
    "gap": 0.1778,
    "gap_CI": [
      0.0808,
      0.2742
    ]
  }
}