{
  "n_train": 347,
  "n_external": 451,
  "pca_raw_QWK": 0.23450828907130228,
  "pca_zscore_QWK": 0.4666298016960577,
  "pca_coral_QWK": 0.39282800261096606,
  "paired_bootstrap_347": {
    "n": 451,
    "PCA_zscore_QWK": 0.4666298016960577,
    "PCA_CI": [
      0.39253488544575166,
      0.5375671577572888
    ],
    "DANN_QWK": 0.28421273282625625,
    "DANN_CI": [
      0.2029239885533886,
      0.36023191846302177
    ],
    "gap_PCA_minus_DANN": 0.18241706886980147,
    "gap_CI": [
      0.08498321274407761,
      0.2776338855076342
    ],
    "p_two_sided": 0.0004
  }
}