{
  "pca_raw": {
    "qwk": 0.26671646239102464,
    "pred_dist": [
      349,
      48,
      54
    ],
    "per_class_recall": [
      1.0,
      0.13409961685823754,
      0.34408602150537637
    ],
    "confusion": [
      [
        97,
        0,
        0
      ],
      [
        204,
        35,
        22
      ],
      [
        48,
        13,
        32
      ]
    ]
  },
  "pca_zscore": {
    "qwk": 0.5445886853162413,
    "pred_dist": [
      158,
      123,
      170
    ],
    "per_class_recall": [
      0.9175257731958762,
      0.39080459770114945,
      0.7096774193548387
    ],
    "confusion": [
      [
        89,
        1,
        7
      ],
      [
        62,
        102,
        97
      ],
      [
        7,
        20,
        66
      ]
    ]
  },
  "pca_coral": {
    "qwk": 0.44777420359032893,
    "pred_dist": [
      195,
      106,
      150
    ],
    "per_class_recall": [
      0.845360824742268,
      0.31417624521072796,
      0.6559139784946236
    ],
    "confusion": [
      [
        82,
        1,
        14
      ],
      [
        104,
        82,
        75
      ],
      [
        9,
        23,
        61
      ]
    ]
  }
}